KIR2DL1*0010101	KIR2DL1*0020101	0.999128160418483
KIR2DL1*0010101	KIR2DL1*00301	0.984306887532694
KIR2DL1*0010101	KIR2DL2*0030101	0.812554489973845
KIR2DL1*0010101	KIR2DL2*0010101	0.788142981691369
KIR2DL1*0010101	KIR2DL2*002	0.778552746294682
KIR2DL1*0010101	KIR2DP1*0020101	0.702961672473868
KIR2DL1*0010101	KIR2DP1*0030101	0.694250871080139
KIR2DL1*0010101	KIR2DL3*003	0.710074791025077
KIR2DL1*0010101	KIR2DL3*0010101	0.705675318961725
KIR2DL1*0010101	KIR2DL3*0020101	0.702155741311043
KIR2DL1*0010101	KIR2DP1*0010201	0.683797909407665
KIR2DL1*0010101	KIR2DS1*0020101	0.623496762257169
KIR2DL1*0010101	KIR2DS1*001	0.623496762257169
KIR2DL1*0010101	KIR2DS1*00301	0.619796484736355
KIR2DL1*0010101	KIR2DS2*003	0.57631822386679
KIR2DL1*0010101	KIR2DS2*0010101	0.574468085106383
KIR2DL1*0010101	KIR2DS2*002	0.569842738205365
KIR2DL1*0010101	KIR2DS5*004	0.539315448658649
KIR2DL1*0010101	KIR2DS5*0020101	0.522664199814986
KIR2DL1*0010101	KIR3DL1*0040101	0.400464756003098
KIR2DL1*0010101	KIR3DL1*0020101	0.408210689388071
KIR2DL1*0010101	KIR3DL1*0010101	0.397366382649109
KIR2DL1*0010101	KIR2DS5*001	0.491211840888067
KIR2DL1*0010101	KIR2DS3*0030101N	0.477335800185014
KIR2DL1*0010101	KIR2DS3*0020101	0.477335800185014
KIR2DL1*0010101	KIR2DS4*0010101	0.467160037002775
KIR2DL1*0010101	KIR2DS3*00101	0.465309898242368
KIR2DL1*0010101	KIR2DS4*0030101	0.449532710280374
KIR2DL1*0010101	KIR3DS1*0130101	0.316749585406302
KIR2DL1*0010101	KIR3DS1*014	0.316749585406302
KIR2DL1*0010101	KIR3DS1*010	0.316880962256325
KIR2DL1*0010101	KIR2DS4*0040101	0.367289719626168
KIR2DL1*0010101	KIR3DL3*0030101	0.288709677419355
KIR2DL1*0010101	KIR3DL3*0020101	0.288709677419355
KIR2DL1*0010101	KIR3DL3*0010101	0.288709677419355
KIR2DL1*0010101	KIR3DL2*0020101	0.24244741873805
KIR2DL1*0010101	KIR3DL2*0010101	0.24244741873805
KIR2DL1*0010101	KIR3DL2*00301	0.24244741873805
KIR2DL1*0010101	KIR3DP1*0030101	0.302777777777778
KIR2DL1*0010101	KIR3DP1*001	0.297814207650273
KIR2DL1*0010101	KIR3DP1*002	0.297814207650273
KIR2DL1*0010101	KIR2DL5B*003	0.185263157894737
KIR2DL1*0010101	KIR2DL5A*01201	0.184421052631579
KIR2DL1*0010101	KIR2DL4*00101	0.179756404871903
KIR2DL1*0010101	KIR2DL4*00201	0.179756404871903
KIR2DL1*0010101	KIR2DL5B*004	0.177684210526316
KIR2DL1*0010101	KIR2DL5B*0020101	0.177684210526316
KIR2DL1*0010101	KIR2DL5A*0050101	0.176842105263158
KIR2DL1*0010101	KIR2DL5A*0010101	0.176842105263158
KIR2DL1*0010101	KIR2DL4*003	0.144477110457791
KIR2DL1*0020101	KIR2DL1*00301	0.984306887532694
KIR2DL1*0020101	KIR2DL2*0030101	0.812554489973845
KIR2DL1*0020101	KIR2DL2*0010101	0.788142981691369
KIR2DL1*0020101	KIR2DL2*002	0.778552746294682
KIR2DL1*0020101	KIR2DP1*0020101	0.702961672473868
KIR2DL1*0020101	KIR2DL3*003	0.710074791025077
KIR2DL1*0020101	KIR2DP1*0030101	0.694250871080139
KIR2DL1*0020101	KIR2DL3*0010101	0.705675318961725
KIR2DL1*0020101	KIR2DL3*0020101	0.702155741311043
KIR2DL1*0020101	KIR2DP1*0010201	0.683797909407665
KIR2DL1*0020101	KIR2DS1*001	0.623496762257169
KIR2DL1*0020101	KIR2DS1*0020101	0.623496762257169
KIR2DL1*0020101	KIR2DS1*00301	0.619796484736355
KIR2DL1*0020101	KIR2DS2*003	0.57631822386679
KIR2DL1*0020101	KIR2DS2*0010101	0.574468085106383
KIR2DL1*0020101	KIR2DS2*002	0.569842738205365
KIR2DL1*0020101	KIR2DS5*004	0.539315448658649
KIR2DL1*0020101	KIR2DS5*0020101	0.522664199814986
KIR2DL1*0020101	KIR3DL1*0040101	0.400464756003098
KIR2DL1*0020101	KIR3DL1*0020101	0.408210689388071
KIR2DL1*0020101	KIR3DL1*0010101	0.397366382649109
KIR2DL1*0020101	KIR2DS5*001	0.491211840888067
KIR2DL1*0020101	KIR2DS3*0020101	0.477335800185014
KIR2DL1*0020101	KIR2DS3*0030101N	0.477335800185014
KIR2DL1*0020101	KIR2DS4*0010101	0.467160037002775
KIR2DL1*0020101	KIR2DS3*00101	0.465309898242368
KIR2DL1*0020101	KIR2DS4*0030101	0.449532710280374
KIR2DL1*0020101	KIR3DS1*0130101	0.316749585406302
KIR2DL1*0020101	KIR3DS1*014	0.316749585406302
KIR2DL1*0020101	KIR3DS1*010	0.316880962256325
KIR2DL1*0020101	KIR2DS4*0040101	0.367289719626168
KIR2DL1*0020101	KIR3DL3*0030101	0.288709677419355
KIR2DL1*0020101	KIR3DL3*0010101	0.288709677419355
KIR2DL1*0020101	KIR3DL3*0020101	0.288709677419355
KIR2DL1*0020101	KIR3DL2*0020101	0.24244741873805
KIR2DL1*0020101	KIR3DL2*00301	0.24244741873805
KIR2DL1*0020101	KIR3DL2*0010101	0.24244741873805
KIR2DL1*0020101	KIR3DP1*001	0.297814207650273
KIR2DL1*0020101	KIR3DP1*002	0.297814207650273
KIR2DL1*0020101	KIR3DP1*0030101	0.302777777777778
KIR2DL1*0020101	KIR2DL5B*003	0.185263157894737
KIR2DL1*0020101	KIR2DL5A*01201	0.184421052631579
KIR2DL1*0020101	KIR2DL4*00201	0.179756404871903
KIR2DL1*0020101	KIR2DL5B*004	0.177684210526316
KIR2DL1*0020101	KIR2DL4*00101	0.179756404871903
KIR2DL1*0020101	KIR2DL5B*0020101	0.177684210526316
KIR2DL1*0020101	KIR2DL5A*0050101	0.176842105263158
KIR2DL1*0020101	KIR2DL5A*0010101	0.176842105263158
KIR2DL1*0020101	KIR2DL4*003	0.144477110457791
KIR2DL1*00301	KIR2DL2*0030101	0.784655623365301
KIR2DL1*00301	KIR2DL2*0010101	0.760244115082825
KIR2DL1*00301	KIR2DL2*002	0.750653879686138
KIR2DL1*00301	KIR2DP1*0020101	0.660278745644599
KIR2DL1*00301	KIR2DP1*0030101	0.651567944250871
KIR2DL1*00301	KIR2DL3*003	0.666959964804223
KIR2DL1*00301	KIR2DL3*0010101	0.662560492740871
KIR2DL1*00301	KIR2DL3*0020101	0.659040915090189
KIR2DL1*00301	KIR2DP1*0010201	0.641114982578397
KIR2DL1*00301	KIR2DS1*001	0.622571692876966
KIR2DL1*00301	KIR2DS1*0020101	0.622571692876966
KIR2DL1*00301	KIR2DS1*00301	0.618871415356152
KIR2DL1*00301	KIR2DS2*0010101	0.54209065679926
KIR2DL1*00301	KIR2DS2*003	0.543940795559667
KIR2DL1*00301	KIR2DS2*002	0.537465309898242
KIR2DL1*00301	KIR2DS5*004	0.461609620721554
KIR2DL1*00301	KIR2DS4*0010101	0.449583718778908
KIR2DL1*00301	KIR2DS3*0030101N	0.460684551341351
KIR2DL1*00301	KIR2DS3*0020101	0.460684551341351
KIR2DL1*00301	KIR2DS5*0020101	0.444958371877891
KIR2DL1*00301	KIR2DS3*00101	0.448658649398705
KIR2DL1*00301	KIR3DL1*0040101	0.354763749031758
KIR2DL1*00301	KIR3DL1*0020101	0.362509682416731
KIR2DL1*00301	KIR3DL1*0010101	0.351665375677769
KIR2DL1*00301	KIR2DS4*0030101	0.431775700934579
KIR2DL1*00301	KIR2DS5*001	0.406105457909343
KIR2DL1*00301	KIR2DS4*0040101	0.349532710280374
KIR2DL1*00301	KIR3DS1*0130101	0.267827529021559
KIR2DL1*00301	KIR3DS1*010	0.267938614682704
KIR2DL1*00301	KIR3DS1*014	0.267827529021559
KIR2DL1*00301	KIR3DL3*0020101	0.237903225806452
KIR2DL1*00301	KIR3DL3*0030101	0.237903225806452
KIR2DL1*00301	KIR3DL3*0010101	0.237903225806452
KIR2DL1*00301	KIR3DP1*002	0.268670309653916
KIR2DL1*00301	KIR3DP1*0030101	0.273148148148148
KIR2DL1*00301	KIR3DP1*001	0.268670309653916
KIR2DL1*00301	KIR3DL2*00301	0.21491395793499
KIR2DL1*00301	KIR3DL2*0010101	0.21491395793499
KIR2DL1*00301	KIR3DL2*0020101	0.21491395793499
KIR2DL1*00301	KIR2DL5B*003	0.185263157894737
KIR2DL1*00301	KIR2DL5A*01201	0.184421052631579
KIR2DL1*00301	KIR2DL5B*004	0.177684210526316
KIR2DL1*00301	KIR2DL4*00101	0.179756404871903
KIR2DL1*00301	KIR2DL4*00201	0.179756404871903
KIR2DL1*00301	KIR2DL5B*0020101	0.177684210526316
KIR2DL1*00301	KIR2DL5A*0050101	0.176842105263158
KIR2DL1*00301	KIR2DL5A*0010101	0.176842105263158
KIR2DL1*00301	KIR2DL4*003	0.144477110457791
KIR2DL2*0010101	KIR2DL2*002	0.986050566695728
KIR2DL2*0010101	KIR2DL2*0030101	0.986050566695728
KIR2DL2*0010101	KIR2DL3*003	0.835899692036956
KIR2DL2*0010101	KIR2DL3*0010101	0.831500219973603
KIR2DL2*0010101	KIR2DL3*0020101	0.827980642322921
KIR2DL2*0010101	KIR2DP1*0030101	0.782229965156794
KIR2DL2*0010101	KIR2DP1*0020101	0.755226480836237
KIR2DL2*0010101	KIR2DP1*0010201	0.754355400696864
KIR2DL2*0010101	KIR2DS2*003	0.736355226641998
KIR2DL2*0010101	KIR2DS2*0010101	0.734505087881591
KIR2DL2*0010101	KIR2DS2*002	0.729879740980574
KIR2DL2*0010101	KIR2DS1*00301	0.548566142460685
KIR2DL2*0010101	KIR2DS4*0010101	0.537465309898242
KIR2DL2*0010101	KIR2DS1*0020101	0.531914893617021
KIR2DL2*0010101	KIR2DS1*001	0.531914893617021
KIR2DL2*0010101	KIR2DS5*004	0.48936170212766
KIR2DL2*0010101	KIR2DS3*0020101	0.497687326549491
KIR2DL2*0010101	KIR2DS3*0030101N	0.490286771507863
KIR2DL2*0010101	KIR2DS3*00101	0.485661424606846
KIR2DL2*0010101	KIR2DS4*0030101	0.480373831775701
KIR2DL2*0010101	KIR2DS5*0020101	0.454209065679926
KIR2DL2*0010101	KIR3DL1*0020101	0.408985282726569
KIR2DL2*0010101	KIR2DS5*001	0.440333024976873
KIR2DL2*0010101	KIR3DL1*0010101	0.362509682416731
KIR2DL2*0010101	KIR3DL1*0040101	0.360185902401239
KIR2DL2*0010101	KIR2DS4*0040101	0.42803738317757
KIR2DL2*0010101	KIR3DP1*002	0.391621129326047
KIR2DL2*0010101	KIR3DP1*001	0.383424408014572
KIR2DL2*0010101	KIR3DP1*0030101	0.374074074074074
KIR2DL2*0010101	KIR3DL3*0020101	0.280645161290323
KIR2DL2*0010101	KIR3DL3*0030101	0.280645161290323
KIR2DL2*0010101	KIR3DL3*0010101	0.280645161290323
KIR2DL2*0010101	KIR3DS1*0130101	0.281923714759536
KIR2DL2*0010101	KIR3DS1*014	0.281923714759536
KIR2DL2*0010101	KIR3DS1*010	0.282040647034426
KIR2DL2*0010101	KIR3DL2*0020101	0.247036328871893
KIR2DL2*0010101	KIR3DL2*00301	0.247036328871893
KIR2DL2*0010101	KIR3DL2*0010101	0.247036328871893
KIR2DL2*0010101	KIR2DL5B*0020101	0.183578947368421
KIR2DL2*0010101	KIR2DL5B*004	0.183578947368421
KIR2DL2*0010101	KIR2DL5A*01201	0.181894736842105
KIR2DL2*0010101	KIR2DL5A*0010101	0.174315789473684
KIR2DL2*0010101	KIR2DL5A*0050101	0.174315789473684
KIR2DL2*0010101	KIR2DL5B*003	0.170947368421053
KIR2DL2*0010101	KIR2DL4*00101	0.126837463250735
KIR2DL2*0010101	KIR2DL4*00201	0.126837463250735
KIR2DL2*0010101	KIR2DL4*003	0.118437631247375
KIR2DL2*002	KIR2DL2*0030101	0.976460331299041
KIR2DL2*002	KIR2DL3*003	0.835899692036956
KIR2DL2*002	KIR2DL3*0010101	0.831500219973603
KIR2DL2*002	KIR2DL3*0020101	0.827980642322921
KIR2DL2*002	KIR2DP1*0030101	0.756968641114983
KIR2DL2*002	KIR2DP1*0010201	0.733449477351916
KIR2DL2*002	KIR2DP1*0020101	0.729965156794425
KIR2DL2*002	KIR2DS2*003	0.736355226641998
KIR2DL2*002	KIR2DS2*0010101	0.734505087881591
KIR2DL2*002	KIR2DS2*002	0.729879740980574
KIR2DL2*002	KIR2DS1*00301	0.548566142460685
KIR2DL2*002	KIR2DS4*0010101	0.537465309898242
KIR2DL2*002	KIR2DS1*001	0.531914893617021
KIR2DL2*002	KIR2DS1*0020101	0.531914893617021
KIR2DL2*002	KIR2DS5*004	0.48936170212766
KIR2DL2*002	KIR2DS3*0020101	0.497687326549491
KIR2DL2*002	KIR2DS3*0030101N	0.490286771507863
KIR2DL2*002	KIR2DS3*00101	0.485661424606846
KIR2DL2*002	KIR2DS4*0030101	0.480373831775701
KIR2DL2*002	KIR2DS5*0020101	0.454209065679926
KIR2DL2*002	KIR2DS5*001	0.440333024976873
KIR2DL2*002	KIR3DL1*0040101	0.355538342370256
KIR2DL2*002	KIR3DL1*0020101	0.391944229279628
KIR2DL2*002	KIR2DS4*0040101	0.42803738317757
KIR2DL2*002	KIR3DL1*0010101	0.345468628969791
KIR2DL2*002	KIR3DP1*002	0.391621129326047
KIR2DL2*002	KIR3DP1*001	0.383424408014572
KIR2DL2*002	KIR3DP1*0030101	0.374074074074074
KIR2DL2*002	KIR3DL3*0030101	0.280645161290323
KIR2DL2*002	KIR3DL3*0020101	0.280645161290323
KIR2DL2*002	KIR3DL3*0010101	0.280645161290323
KIR2DL2*002	KIR3DS1*010	0.282040647034426
KIR2DL2*002	KIR3DS1*014	0.281923714759536
KIR2DL2*002	KIR3DS1*0130101	0.281923714759536
KIR2DL2*002	KIR3DL2*00301	0.250095602294455
KIR2DL2*002	KIR3DL2*0010101	0.250095602294455
KIR2DL2*002	KIR3DL2*0020101	0.250095602294455
KIR2DL2*002	KIR2DL5B*0020101	0.183578947368421
KIR2DL2*002	KIR2DL5B*004	0.183578947368421
KIR2DL2*002	KIR2DL5A*01201	0.181894736842105
KIR2DL2*002	KIR2DL5A*0050101	0.174315789473684
KIR2DL2*002	KIR2DL5A*0010101	0.174315789473684
KIR2DL2*002	KIR2DL5B*003	0.170947368421053
KIR2DL2*002	KIR2DL4*00101	0.126837463250735
KIR2DL2*002	KIR2DL4*00201	0.126837463250735
KIR2DL2*002	KIR2DL4*003	0.118437631247375
KIR2DL2*0030101	KIR2DL3*003	0.859656841179058
KIR2DL2*0030101	KIR2DL3*0010101	0.855257369115706
KIR2DL2*0030101	KIR2DL3*0020101	0.851737791465024
KIR2DL2*0030101	KIR2DP1*0030101	0.792682926829268
KIR2DL2*0030101	KIR2DP1*0010201	0.786585365853659
KIR2DL2*0030101	KIR2DP1*0020101	0.765679442508711
KIR2DL2*0030101	KIR2DS2*0010101	0.741905642923219
KIR2DL2*0030101	KIR2DS2*003	0.743755781683626
KIR2DL2*0030101	KIR2DS2*002	0.737280296022202
KIR2DL2*0030101	KIR2DS1*00301	0.571692876965772
KIR2DL2*0030101	KIR2DS1*001	0.555041628122109
KIR2DL2*0030101	KIR2DS1*0020101	0.555041628122109
KIR2DL2*0030101	KIR2DS4*0010101	0.541165587419056
KIR2DL2*0030101	KIR2DS5*004	0.512488436632747
KIR2DL2*0030101	KIR2DS3*0020101	0.520814061054579
KIR2DL2*0030101	KIR2DS3*0030101N	0.513413506012951
KIR2DL2*0030101	KIR2DS3*00101	0.508788159111933
KIR2DL2*0030101	KIR3DL1*0020101	0.438419829589466
KIR2DL2*0030101	KIR2DS5*0020101	0.477335800185014
KIR2DL2*0030101	KIR3DL1*0010101	0.391944229279628
KIR2DL2*0030101	KIR3DL1*0040101	0.389620449264136
KIR2DL2*0030101	KIR2DS4*0030101	0.48411214953271
KIR2DL2*0030101	KIR2DS5*001	0.463459759481961
KIR2DL2*0030101	KIR2DS4*0040101	0.431775700934579
KIR2DL2*0030101	KIR3DP1*002	0.416211293260474
KIR2DL2*0030101	KIR3DP1*001	0.408014571948998
KIR2DL2*0030101	KIR3DS1*0130101	0.313432835820896
KIR2DL2*0030101	KIR3DS1*014	0.313432835820896
KIR2DL2*0030101	KIR3DS1*010	0.313562836997097
KIR2DL2*0030101	KIR3DP1*0030101	0.399074074074074
KIR2DL2*0030101	KIR3DL3*0020101	0.280645161290323
KIR2DL2*0030101	KIR3DL3*0030101	0.280645161290323
KIR2DL2*0030101	KIR3DL3*0010101	0.280645161290323
KIR2DL2*0030101	KIR3DL2*00301	0.274569789674952
KIR2DL2*0030101	KIR3DL2*0020101	0.274569789674952
KIR2DL2*0030101	KIR3DL2*0010101	0.274569789674952
KIR2DL2*0030101	KIR2DL5B*004	0.206315789473684
KIR2DL2*0030101	KIR2DL5B*0020101	0.206315789473684
KIR2DL2*0030101	KIR2DL5A*01201	0.204631578947368
KIR2DL2*0030101	KIR2DL5A*0010101	0.197052631578947
KIR2DL2*0030101	KIR2DL5A*0050101	0.197052631578947
KIR2DL2*0030101	KIR2DL5B*003	0.193684210526316
KIR2DL2*0030101	KIR2DL4*00101	0.149517009659807
KIR2DL2*0030101	KIR2DL4*00201	0.149517009659807
KIR2DL2*0030101	KIR2DL4*003	0.141117177656447
KIR2DL3*0010101	KIR2DL3*003	0.986678507992895
KIR2DL3*0010101	KIR2DL3*0020101	0.987566607460036
KIR2DL3*0010101	KIR2DP1*0010201	0.812307692307692
KIR2DL3*0010101	KIR2DP1*0030101	0.805274725274725
KIR2DL3*0010101	KIR2DP1*0020101	0.781538461538462
KIR2DL3*0010101	KIR2DS2*0010101	0.821111630079402
KIR2DL3*0010101	KIR2DS2*002	0.816440915460065
KIR2DL3*0010101	KIR2DS2*003	0.791219056515647
KIR2DL3*0010101	KIR2DS1*00301	0.664175618869687
KIR2DL3*0010101	KIR2DS1*001	0.641756188696871
KIR2DL3*0010101	KIR2DS1*0020101	0.641756188696871
KIR2DL3*0010101	KIR2DS4*0010101	0.609995329285381
KIR2DL3*0010101	KIR2DS4*0030101	0.575743275129778
KIR2DL3*0010101	KIR2DS5*004	0.546473610462401
KIR2DL3*0010101	KIR3DL1*0040101	0.422491214369387
KIR2DL3*0010101	KIR2DS5*0020101	0.510976179355441
KIR2DL3*0010101	KIR3DL1*0010101	0.40296759078485
KIR2DL3*0010101	KIR2DS4*0040101	0.522888154789995
KIR2DL3*0010101	KIR2DS5*001	0.496964035497431
KIR2DL3*0010101	KIR2DS3*00101	0.471742176553013
KIR2DL3*0010101	KIR2DS3*0020101	0.471742176553013
KIR2DL3*0010101	KIR3DL1*0020101	0.388129636860601
KIR2DL3*0010101	KIR2DS3*0030101N	0.464269033162074
KIR2DL3*0010101	KIR3DL3*0020101	0.348108987393249
KIR2DL3*0010101	KIR3DL3*0030101	0.348108987393249
KIR2DL3*0010101	KIR3DL3*0010101	0.348108987393249
KIR2DL3*0010101	KIR3DS1*0130101	0.344625679631953
KIR2DL3*0010101	KIR3DS1*014	0.344625679631953
KIR2DL3*0010101	KIR3DS1*010	0.344769874476987
KIR2DL3*0010101	KIR3DL2*0010101	0.350038550501157
KIR2DL3*0010101	KIR3DL2*00301	0.350038550501157
KIR2DL3*0010101	KIR3DP1*002	0.417471264367816
KIR2DL3*0010101	KIR3DL2*0020101	0.33230531996916
KIR2DL3*0010101	KIR3DP1*001	0.409195402298851
KIR2DL3*0010101	KIR3DP1*0030101	0.396446937821412
KIR2DL3*0010101	KIR2DL5B*0020101	0.223449447748513
KIR2DL3*0010101	KIR2DL5B*004	0.223449447748513
KIR2DL3*0010101	KIR2DL5A*01201	0.216652506372133
KIR2DL3*0010101	KIR2DL5A*0010101	0.209005947323704
KIR2DL3*0010101	KIR2DL5A*0050101	0.209005947323704
KIR2DL3*0010101	KIR2DL5B*003	0.2107051826678
KIR2DL3*0010101	KIR2DL4*00101	0.163559322033898
KIR2DL3*0010101	KIR2DL4*00201	0.163559322033898
KIR2DL3*0010101	KIR2DL4*003	0.155084745762712
KIR2DL3*0020101	KIR2DL3*003	0.983126110124334
KIR2DL3*0020101	KIR2DP1*0010201	0.80967032967033
KIR2DL3*0020101	KIR2DP1*0030101	0.802637362637363
KIR2DL3*0020101	KIR2DP1*0020101	0.778901098901099
KIR2DL3*0020101	KIR2DS2*0010101	0.796823914058851
KIR2DL3*0020101	KIR2DS2*002	0.792153199439514
KIR2DL3*0020101	KIR2DS2*003	0.766931340495096
KIR2DL3*0020101	KIR2DS1*00301	0.639887902849136
KIR2DL3*0020101	KIR2DS1*0020101	0.617468472676319
KIR2DL3*0020101	KIR2DS1*001	0.617468472676319
KIR2DL3*0020101	KIR2DS4*0010101	0.58570761326483
KIR2DL3*0020101	KIR2DS5*004	0.546473610462401
KIR2DL3*0020101	KIR2DS4*0030101	0.551203397829165
KIR2DL3*0020101	KIR2DS5*0020101	0.510976179355441
KIR2DL3*0020101	KIR3DL1*0040101	0.405310425614994
KIR2DL3*0020101	KIR2DS4*0040101	0.522888154789995
KIR2DL3*0020101	KIR2DS5*001	0.496964035497431
KIR2DL3*0020101	KIR2DS3*0020101	0.471742176553013
KIR2DL3*0020101	KIR2DS3*00101	0.471742176553013
KIR2DL3*0020101	KIR3DL1*0010101	0.385786802030457
KIR2DL3*0020101	KIR2DS3*0030101N	0.464269033162074
KIR2DL3*0020101	KIR3DL1*0020101	0.370948848106209
KIR2DL3*0020101	KIR3DL3*0010101	0.345668971126474
KIR2DL3*0020101	KIR3DL3*0030101	0.345668971126474
KIR2DL3*0020101	KIR3DL3*0020101	0.345668971126474
KIR2DL3*0020101	KIR3DS1*014	0.344625679631953
KIR2DL3*0020101	KIR3DS1*010	0.344769874476987
KIR2DL3*0020101	KIR3DS1*0130101	0.344625679631953
KIR2DL3*0020101	KIR3DL2*00301	0.350038550501157
KIR2DL3*0020101	KIR3DL2*0010101	0.350038550501157
KIR2DL3*0020101	KIR3DL2*0020101	0.33230531996916
KIR2DL3*0020101	KIR3DP1*002	0.417471264367816
KIR2DL3*0020101	KIR3DP1*001	0.409195402298851
KIR2DL3*0020101	KIR3DP1*0030101	0.396446937821412
KIR2DL3*0020101	KIR2DL5B*0020101	0.223449447748513
KIR2DL3*0020101	KIR2DL5B*004	0.223449447748513
KIR2DL3*0020101	KIR2DL5A*01201	0.216652506372133
KIR2DL3*0020101	KIR2DL5A*0010101	0.209005947323704
KIR2DL3*0020101	KIR2DL5A*0050101	0.209005947323704
KIR2DL3*0020101	KIR2DL5B*003	0.2107051826678
KIR2DL3*0020101	KIR2DL4*00201	0.163559322033898
KIR2DL3*0020101	KIR2DL4*00101	0.163559322033898
KIR2DL3*0020101	KIR2DL4*003	0.155084745762712
KIR2DL3*003	KIR2DP1*0010201	0.812307692307692
KIR2DL3*003	KIR2DP1*0030101	0.805274725274725
KIR2DL3*003	KIR2DP1*0020101	0.781538461538462
KIR2DL3*003	KIR2DS2*0010101	0.821111630079402
KIR2DL3*003	KIR2DS2*002	0.816440915460065
KIR2DL3*003	KIR2DS2*003	0.791219056515647
KIR2DL3*003	KIR2DS1*00301	0.664175618869687
KIR2DL3*003	KIR2DS1*0020101	0.641756188696871
KIR2DL3*003	KIR2DS1*001	0.641756188696871
KIR2DL3*003	KIR2DS4*0010101	0.609995329285381
KIR2DL3*003	KIR2DS4*0030101	0.575743275129778
KIR2DL3*003	KIR2DS5*004	0.546473610462401
KIR2DL3*003	KIR3DL1*0040101	0.422491214369387
KIR2DL3*003	KIR2DS5*0020101	0.510976179355441
KIR2DL3*003	KIR3DL1*0010101	0.40296759078485
KIR2DL3*003	KIR2DS4*0040101	0.522888154789995
KIR2DL3*003	KIR2DS5*001	0.496964035497431
KIR2DL3*003	KIR2DS3*0020101	0.471742176553013
KIR2DL3*003	KIR2DS3*00101	0.471742176553013
KIR2DL3*003	KIR3DL1*0020101	0.388129636860601
KIR2DL3*003	KIR2DS3*0030101N	0.464269033162074
KIR2DL3*003	KIR3DL3*0030101	0.348108987393249
KIR2DL3*003	KIR3DL3*0020101	0.348108987393249
KIR2DL3*003	KIR3DL3*0010101	0.348108987393249
KIR2DL3*003	KIR3DS1*010	0.344769874476987
KIR2DL3*003	KIR3DS1*0130101	0.344625679631953
KIR2DL3*003	KIR3DS1*014	0.344625679631953
KIR2DL3*003	KIR3DL2*0010101	0.350038550501157
KIR2DL3*003	KIR3DL2*00301	0.350038550501157
KIR2DL3*003	KIR3DL2*0020101	0.33230531996916
KIR2DL3*003	KIR3DP1*002	0.417471264367816
KIR2DL3*003	KIR3DP1*001	0.409195402298851
KIR2DL3*003	KIR3DP1*0030101	0.396446937821412
KIR2DL3*003	KIR2DL5B*0020101	0.203908241291419
KIR2DL3*003	KIR2DL5B*004	0.203908241291419
KIR2DL3*003	KIR2DL5A*01201	0.197111299915038
KIR2DL3*003	KIR2DL5A*0010101	0.18946474086661
KIR2DL3*003	KIR2DL5A*0050101	0.18946474086661
KIR2DL3*003	KIR2DL5B*003	0.191163976210705
KIR2DL3*003	KIR2DL4*00101	0.163559322033898
KIR2DL3*003	KIR2DL4*00201	0.163559322033898
KIR2DL3*003	KIR2DL4*003	0.155084745762712
KIR2DL4*00101	KIR2DL4*00201	0.972447325769854
KIR2DL4*00101	KIR2DL4*003	0.940842787682334
KIR2DL4*00101	KIR2DL5B*003	0.311941510966694
KIR2DL4*00101	KIR2DL5A*0050101	0.309504467912266
KIR2DL4*00101	KIR2DL5B*0020101	0.309504467912266
KIR2DL4*00101	KIR2DL5A*01201	0.283509341998375
KIR2DL4*00101	KIR2DL5A*0010101	0.283509341998375
KIR2DL4*00101	KIR2DL5B*004	0.263200649878148
KIR2DL4*00101	KIR2DP1*0030101	0.215694502727654
KIR2DL4*00101	KIR2DP1*0020101	0.215694502727654
KIR2DL4*00101	KIR3DL2*0010101	0.184307920059215
KIR2DL4*00101	KIR3DL2*0020101	0.184307920059215
KIR2DL4*00101	KIR3DL2*00301	0.136935603256847
KIR2DL4*00101	KIR3DL1*0010101	0.173847883102285
KIR2DL4*00101	KIR3DL1*0020101	0.171599850131135
KIR2DL4*00101	KIR3DL1*0040101	0.128887223679281
KIR2DL4*00101	KIR2DP1*0010201	0.142677297524129
KIR2DL4*00101	KIR2DS2*0010101	0.144064028457092
KIR2DL4*00101	KIR2DS2*002	0.144064028457092
KIR2DL4*00101	KIR2DS2*003	0.120053357047577
KIR2DL4*00101	KIR2DS4*0010101	0.120053357047577
KIR2DL4*00101	KIR3DS1*014	0.152060824329732
KIR2DL4*00101	KIR3DS1*0130101	0.104041616646659
KIR2DL4*00101	KIR3DS1*010	0.104083266613291
KIR2DL4*00101	KIR2DS1*0020101	0.113828368163628
KIR2DL4*00101	KIR2DS1*00301	0.113828368163628
KIR2DL4*00101	KIR2DS1*001	0.113828368163628
KIR2DL4*00101	KIR2DS5*004	0.101378390395731
KIR2DL4*00101	KIR2DS5*0020101	0.0960426856380614
KIR2DL4*00101	KIR2DS3*00101	0.0995998221431747
KIR2DL4*00101	KIR2DS3*0020101	0.0995998221431747
KIR2DL4*00101	KIR2DS3*0030101N	0.0995998221431747
KIR2DL4*00101	KIR2DS4*0030101	0.0942972608890885
KIR2DL4*00101	KIR2DS4*0040101	0.0942972608890885
KIR2DL4*00201	KIR2DL4*003	0.937601296596434
KIR2DL4*00201	KIR2DL5B*003	0.30625507717303
KIR2DL4*00201	KIR2DL5A*0050101	0.303818034118603
KIR2DL4*00201	KIR2DL5B*0020101	0.303818034118603
KIR2DL4*00201	KIR2DL5A*0010101	0.277822908204712
KIR2DL4*00201	KIR2DL5A*01201	0.277822908204712
KIR2DL4*00201	KIR2DL5B*004	0.257514216084484
KIR2DL4*00201	KIR2DP1*0030101	0.215694502727654
KIR2DL4*00201	KIR2DP1*0020101	0.215694502727654
KIR2DL4*00201	KIR3DL1*0010101	0.193330835518921
KIR2DL4*00201	KIR3DL1*0020101	0.191082802547771
KIR2DL4*00201	KIR3DL1*0040101	0.148370176095916
KIR2DL4*00201	KIR3DL2*0010101	0.184307920059215
KIR2DL4*00201	KIR3DL2*0020101	0.184307920059215
KIR2DL4*00201	KIR3DL2*00301	0.136935603256847
KIR2DL4*00201	KIR2DP1*0010201	0.142677297524129
KIR2DL4*00201	KIR2DS2*002	0.144064028457092
KIR2DL4*00201	KIR2DS2*0010101	0.144064028457092
KIR2DL4*00201	KIR3DS1*014	0.172869147659064
KIR2DL4*00201	KIR3DS1*010	0.124899919935949
KIR2DL4*00201	KIR3DS1*0130101	0.12484993997599
KIR2DL4*00201	KIR2DS2*003	0.120053357047577
KIR2DL4*00201	KIR2DS4*0010101	0.120053357047577
KIR2DL4*00201	KIR2DS1*0020101	0.113828368163628
KIR2DL4*00201	KIR2DS1*00301	0.113828368163628
KIR2DL4*00201	KIR2DS1*001	0.113828368163628
KIR2DL4*00201	KIR2DS5*004	0.101378390395731
KIR2DL4*00201	KIR2DS5*0020101	0.0960426856380614
KIR2DL4*00201	KIR2DS3*0030101N	0.0995998221431747
KIR2DL4*00201	KIR2DS3*00101	0.0995998221431747
KIR2DL4*00201	KIR2DS3*0020101	0.0995998221431747
KIR2DL4*00201	KIR3DL3*0030101	0.0927152317880795
KIR2DL4*00201	KIR3DL3*0020101	0.0927152317880795
KIR2DL4*00201	KIR3DL3*0010101	0.0927152317880795
KIR2DL4*00201	KIR2DS4*0030101	0.0942972608890885
KIR2DL4*00201	KIR2DS4*0040101	0.0942972608890885
KIR2DL4*003	KIR2DL5B*003	0.322502030869212
KIR2DL4*003	KIR2DL5A*0050101	0.320064987814785
KIR2DL4*003	KIR2DL5B*0020101	0.320064987814785
KIR2DL4*003	KIR2DL5A*01201	0.294069861900894
KIR2DL4*003	KIR2DL5A*0010101	0.294069861900894
KIR2DL4*003	KIR2DL5B*004	0.275385865150284
KIR2DL4*003	KIR3DL2*0020101	0.217616580310881
KIR2DL4*003	KIR3DL2*0010101	0.217616580310881
KIR2DL4*003	KIR2DP1*0030101	0.183801930339908
KIR2DL4*003	KIR2DP1*0020101	0.183801930339908
KIR2DL4*003	KIR3DL2*00301	0.170244263508512
KIR2DL4*003	KIR3DL1*0010101	0.188085425252904
KIR2DL4*003	KIR3DL1*0020101	0.185837392281753
KIR2DL4*003	KIR3DL1*0040101	0.143124765829899
KIR2DL4*003	KIR3DS1*014	0.19047619047619
KIR2DL4*003	KIR3DS1*010	0.142514011208967
KIR2DL4*003	KIR3DS1*0130101	0.142456982793117
KIR2DL4*003	KIR2DP1*0010201	0.137641628199748
KIR2DL4*003	KIR2DS2*002	0.130724766562917
KIR2DL4*003	KIR2DS2*0010101	0.130724766562917
KIR2DL4*003	KIR2DS1*0020101	0.12894619831036
KIR2DL4*003	KIR2DS1*001	0.12894619831036
KIR2DL4*003	KIR2DS1*00301	0.12894619831036
KIR2DL4*003	KIR2DS5*004	0.116496220542463
KIR2DL4*003	KIR2DS5*0020101	0.111160515784793
KIR2DL4*003	KIR2DS4*0010101	0.106714095153402
KIR2DL4*003	KIR2DS2*003	0.0915962650066696
KIR2DL4*003	KIR2DS5*001	0.0915962650066696
KIR2DL5A*0010101	KIR2DL5A*01201	0.992671009771987
KIR2DL5A*0010101	KIR2DL5B*004	0.982899022801303
KIR2DL5A*0010101	KIR2DL5A*0050101	0.963355048859935
KIR2DL5A*0010101	KIR2DL5B*0020101	0.960912052117264
KIR2DL5A*0010101	KIR2DL5B*003	0.953583061889251
KIR2DL5A*0010101	KIR2DP1*0030101	0.262515776188473
KIR2DL5A*0010101	KIR2DP1*0020101	0.250736222128734
KIR2DL5A*0010101	KIR2DP1*0010201	0.228859907446361
KIR2DL5A*0010101	KIR3DP1*001	0.26526130873957
KIR2DL5A*0010101	KIR3DL1*0020101	0.219301539616973
KIR2DL5A*0010101	KIR3DP1*002	0.241545893719807
KIR2DL5A*0010101	KIR3DL1*0010101	0.199774690199024
KIR2DL5A*0010101	KIR2DS2*003	0.181007579135087
KIR2DL5A*0010101	KIR3DS1*014	0.203770557561171
KIR2DL5A*0010101	KIR2DS2*0010101	0.181007579135087
KIR2DL5A*0010101	KIR2DS2*002	0.179224253232278
KIR2DL5A*0010101	KIR2DS4*0010101	0.175657601426661
KIR2DL5A*0010101	KIR3DL2*0020101	0.18620178041543
KIR2DL5A*0010101	KIR3DL2*00301	0.18620178041543
KIR2DL5A*0010101	KIR3DL2*0010101	0.18620178041543
KIR2DL5A*0010101	KIR2DS1*00301	0.167632634864021
KIR2DL5A*0010101	KIR3DL1*0040101	0.177243710101389
KIR2DL5A*0010101	KIR2DS1*0020101	0.162282657155595
KIR2DL5A*0010101	KIR3DS1*010	0.183788121990369
KIR2DL5A*0010101	KIR2DS1*001	0.162282657155595
KIR2DL5A*0010101	KIR3DS1*0130101	0.175691937424789
KIR2DL5A*0010101	KIR3DP1*0030101	0.208835341365462
KIR2DL5A*0010101	KIR2DS5*0020101	0.141774409273295
KIR2DL5A*0010101	KIR2DS4*0030101	0.142278253039172
KIR2DL5A*0010101	KIR2DS5*001	0.139991083370486
KIR2DL5A*0010101	KIR2DS4*0040101	0.142278253039172
KIR2DL5A*0010101	KIR2DS5*004	0.138207757467677
KIR2DL5A*0010101	KIR3DL3*0020101	0.153065208902772
KIR2DL5A*0010101	KIR3DL3*0030101	0.153065208902772
KIR2DL5A*0010101	KIR3DL3*0010101	0.153065208902772
KIR2DL5A*0050101	KIR2DL5B*0020101	0.994299674267101
KIR2DL5A*0050101	KIR2DL5A*01201	0.951954397394137
KIR2DL5A*0050101	KIR2DL5B*004	0.949511400651466
KIR2DL5A*0050101	KIR2DL5B*003	0.896579804560261
KIR2DL5A*0050101	KIR2DP1*0030101	0.262515776188473
KIR2DL5A*0050101	KIR2DP1*0020101	0.250736222128734
KIR2DL5A*0050101	KIR2DP1*0010201	0.228859907446361
KIR2DL5A*0050101	KIR3DL1*0020101	0.219301539616973
KIR2DL5A*0050101	KIR3DL2*0010101	0.207715133531157
KIR2DL5A*0050101	KIR3DL2*0020101	0.207715133531157
KIR2DL5A*0050101	KIR3DL1*0010101	0.199774690199024
KIR2DL5A*0050101	KIR3DS1*014	0.203770557561171
KIR2DL5A*0050101	KIR2DS2*003	0.181007579135087
KIR2DL5A*0050101	KIR2DS2*0010101	0.181007579135087
KIR2DL5A*0050101	KIR2DS2*002	0.179224253232278
KIR2DL5A*0050101	KIR3DP1*001	0.223100570926658
KIR2DL5A*0050101	KIR2DS4*0010101	0.175657601426661
KIR2DL5A*0050101	KIR3DL2*00301	0.18620178041543
KIR2DL5A*0050101	KIR2DS1*00301	0.167632634864021
KIR2DL5A*0050101	KIR3DL1*0040101	0.177243710101389
KIR2DL5A*0050101	KIR3DP1*002	0.210803689064559
KIR2DL5A*0050101	KIR2DS1*001	0.162282657155595
KIR2DL5A*0050101	KIR2DS1*0020101	0.162282657155595
KIR2DL5A*0050101	KIR3DS1*010	0.183788121990369
KIR2DL5A*0050101	KIR3DS1*0130101	0.175691937424789
KIR2DL5A*0050101	KIR2DS5*0020101	0.141774409273295
KIR2DL5A*0050101	KIR2DS5*001	0.139991083370486
KIR2DL5A*0050101	KIR2DS4*0030101	0.142278253039172
KIR2DL5A*0050101	KIR2DS4*0040101	0.142278253039172
KIR2DL5A*0050101	KIR2DS5*004	0.138207757467677
KIR2DL5A*0050101	KIR3DP1*0030101	0.177599286033021
KIR2DL5A*0050101	KIR3DL3*0030101	0.153065208902772
KIR2DL5A*0050101	KIR3DL3*0020101	0.153065208902772
KIR2DL5A*0050101	KIR3DL3*0010101	0.153065208902772
KIR2DL5A*01201	KIR2DL5B*004	0.978827361563518
KIR2DL5A*01201	KIR2DL5B*003	0.957654723127036
KIR2DL5A*01201	KIR2DL5B*0020101	0.949511400651466
KIR2DL5A*01201	KIR2DP1*0030101	0.270088346655448
KIR2DL5A*01201	KIR2DP1*0020101	0.258308792595709
KIR2DL5A*01201	KIR2DP1*0010201	0.236432477913336
KIR2DL5A*01201	KIR3DP1*002	0.262626262626263
KIR2DL5A*01201	KIR3DL1*0020101	0.219301539616973
KIR2DL5A*01201	KIR3DL2*0010101	0.209940652818991
KIR2DL5A*01201	KIR3DL2*00301	0.209940652818991
KIR2DL5A*01201	KIR3DL2*0020101	0.209940652818991
KIR2DL5A*01201	KIR3DP1*001	0.241545893719807
KIR2DL5A*01201	KIR3DL1*0010101	0.199774690199024
KIR2DL5A*01201	KIR2DS2*0010101	0.189032545697726
KIR2DL5A*01201	KIR2DS2*003	0.189032545697726
KIR2DL5A*01201	KIR3DS1*014	0.203770557561171
KIR2DL5A*01201	KIR2DS2*002	0.179224253232278
KIR2DL5A*01201	KIR2DS4*0010101	0.182790905037896
KIR2DL5A*01201	KIR2DS1*00301	0.175657601426661
KIR2DL5A*01201	KIR2DS1*0020101	0.170307623718235
KIR2DL5A*01201	KIR2DS1*001	0.170307623718235
KIR2DL5A*01201	KIR3DL1*0040101	0.177243710101389
KIR2DL5A*01201	KIR3DS1*010	0.183788121990369
KIR2DL5A*01201	KIR2DS5*0020101	0.170307623718235
KIR2DL5A*01201	KIR2DS5*001	0.168524297815426
KIR2DL5A*01201	KIR2DS5*004	0.166740971912617
KIR2DL5A*01201	KIR3DS1*0130101	0.175691937424789
KIR2DL5A*01201	KIR3DP1*0030101	0.208835341365462
KIR2DL5A*01201	KIR2DS4*0040101	0.14948221521837
KIR2DL5A*01201	KIR2DS4*0030101	0.14948221521837
KIR2DL5A*01201	KIR3DL3*0030101	0.153065208902772
KIR2DL5A*01201	KIR3DL3*0020101	0.153065208902772
KIR2DL5A*01201	KIR3DL3*0010101	0.153065208902772
KIR2DL5A*01201	KIR2DS3*00101	0.106999554168524
KIR2DL5A*01201	KIR2DS3*0020101	0.106999554168524
KIR2DL5A*01201	KIR2DS3*0030101N	0.106999554168524
KIR2DL5B*0020101	KIR2DL5B*004	0.951954397394137
KIR2DL5B*0020101	KIR2DL5B*003	0.899022801302932
KIR2DL5B*0020101	KIR2DP1*0030101	0.26167437946992
KIR2DL5B*0020101	KIR2DP1*0020101	0.250736222128734
KIR2DL5B*0020101	KIR2DP1*0010201	0.228018510727808
KIR2DL5B*0020101	KIR3DL1*0020101	0.226060833646264
KIR2DL5B*0020101	KIR3DL1*0010101	0.212542245587683
KIR2DL5B*0020101	KIR3DL2*0010101	0.206973293768546
KIR2DL5B*0020101	KIR3DL2*0020101	0.206973293768546
KIR2DL5B*0020101	KIR3DS1*014	0.21179302045728
KIR2DL5B*0020101	KIR2DS2*003	0.189924208649131
KIR2DL5B*0020101	KIR2DS2*0010101	0.189924208649131
KIR2DL5B*0020101	KIR2DS2*002	0.188140882746322
KIR2DL5B*0020101	KIR3DL1*0040101	0.190011265490049
KIR2DL5B*0020101	KIR3DP1*001	0.225735617039965
KIR2DL5B*0020101	KIR3DS1*010	0.197431781701445
KIR2DL5B*0020101	KIR3DS1*0130101	0.194945848375451
KIR2DL5B*0020101	KIR2DS1*00301	0.16941596076683
KIR2DL5B*0020101	KIR3DP1*002	0.213438735177866
KIR2DL5B*0020101	KIR3DL2*00301	0.185459940652819
KIR2DL5B*0020101	KIR2DS4*0010101	0.172090949621043
KIR2DL5B*0020101	KIR2DS1*0020101	0.161390994204191
KIR2DL5B*0020101	KIR2DS1*001	0.161390994204191
KIR2DL5B*0020101	KIR2DS4*0030101	0.138676271949572
KIR2DL5B*0020101	KIR2DS4*0040101	0.138676271949572
KIR2DL5B*0020101	KIR3DP1*0030101	0.191878625613565
KIR2DL5B*0020101	KIR3DL3*0010101	0.155408043732917
KIR2DL5B*0020101	KIR3DL3*0020101	0.155408043732917
KIR2DL5B*0020101	KIR3DL3*0030101	0.155408043732917
KIR2DL5B*0020101	KIR2DS5*0020101	0.123049487293803
KIR2DL5B*0020101	KIR2DS5*004	0.114132857779759
KIR2DL5B*0020101	KIR2DS5*001	0.114132857779759
KIR2DL5B*003	KIR2DL5B*004	0.944625407166124
KIR2DL5B*003	KIR2DP1*0020101	0.233908287757678
KIR2DL5B*003	KIR2DP1*0030101	0.22549432057215
KIR2DL5B*003	KIR3DL1*0010101	0.202778820878708
KIR2DL5B*003	KIR2DP1*0010201	0.191838451830038
KIR2DL5B*003	KIR3DP1*002	0.242424242424242
KIR2DL5B*003	KIR3DL2*0010101	0.195103857566766
KIR2DL5B*003	KIR3DL2*0020101	0.195103857566766
KIR2DL5B*003	KIR3DL1*0020101	0.190011265490049
KIR2DL5B*003	KIR2DS2*0010101	0.177440927329469
KIR2DL5B*003	KIR2DS2*003	0.177440927329469
KIR2DL5B*003	KIR3DP1*001	0.221343873517787
KIR2DL5B*003	KIR3DS1*014	0.191736863217008
KIR2DL5B*003	KIR3DL1*0040101	0.180247840781074
KIR2DL5B*003	KIR2DS2*002	0.167632634864021
KIR2DL5B*003	KIR3DS1*010	0.186998394863563
KIR2DL5B*003	KIR3DL2*00301	0.172848664688427
KIR2DL5B*003	KIR3DS1*0130101	0.174889691135178
KIR2DL5B*003	KIR2DS1*00301	0.145341061078912
KIR2DL5B*003	KIR2DS4*0010101	0.147124386981721
KIR2DL5B*003	KIR3DP1*0030101	0.200803212851406
KIR2DL5B*003	KIR2DS5*0020101	0.139991083370486
KIR2DL5B*003	KIR2DS1*0020101	0.123049487293803
KIR2DL5B*003	KIR2DS1*001	0.123049487293803
KIR2DL5B*003	KIR2DS5*001	0.12037449843959
KIR2DL5B*003	KIR2DS5*004	0.12037449843959
KIR2DL5B*003	KIR3DL3*0010101	0.145255759468957
KIR2DL5B*003	KIR3DL3*0030101	0.145255759468957
KIR2DL5B*003	KIR3DL3*0020101	0.145255759468957
KIR2DL5B*003	KIR2DS4*0040101	0.113462404322377
KIR2DL5B*003	KIR2DS4*0030101	0.113462404322377
KIR2DL5B*004	KIR2DP1*0030101	0.26167437946992
KIR2DL5B*004	KIR2DP1*0020101	0.250736222128734
KIR2DL5B*004	KIR2DP1*0010201	0.228018510727808
KIR2DL5B*004	KIR3DP1*001	0.267896354852877
KIR2DL5B*004	KIR3DP1*002	0.244180939833114
KIR2DL5B*004	KIR2DS2*0010101	0.189924208649131
KIR2DL5B*004	KIR2DS2*003	0.189924208649131
KIR2DL5B*004	KIR3DL2*0010101	0.20326409495549
KIR2DL5B*004	KIR3DL2*00301	0.20326409495549
KIR2DL5B*004	KIR3DL2*0020101	0.20326409495549
KIR2DL5B*004	KIR2DS2*002	0.188140882746322
KIR2DL5B*004	KIR3DL1*0020101	0.19752159218926
KIR2DL5B*004	KIR3DL1*0010101	0.14494930529478
KIR2DL5B*004	KIR2DS1*00301	0.16941596076683
KIR2DL5B*004	KIR2DS4*0010101	0.172090949621043
KIR2DL5B*004	KIR3DS1*014	0.181307661452066
KIR2DL5B*004	KIR2DS1*0020101	0.161390994204191
KIR2DL5B*004	KIR2DS1*001	0.161390994204191
KIR2DL5B*004	KIR3DP1*0030101	0.223114680946006
KIR2DL5B*004	KIR3DS1*0130101	0.1323706377858
KIR2DL5B*004	KIR3DS1*010	0.132423756019262
KIR2DL5B*004	KIR3DL1*0040101	0.122418325197146
KIR2DL5B*004	KIR2DS4*0040101	0.138676271949572
KIR2DL5B*004	KIR2DS4*0030101	0.138676271949572
KIR2DL5B*004	KIR3DL3*0030101	0.155408043732917
KIR2DL5B*004	KIR3DL3*0020101	0.155408043732917
KIR2DL5B*004	KIR3DL3*0010101	0.155408043732917
KIR2DL5B*004	KIR2DS5*0020101	0.123049487293803
KIR2DL5B*004	KIR2DS5*004	0.114132857779759
KIR2DL5B*004	KIR2DS5*001	0.114132857779759
KIR2DS1*001	KIR2DS1*0020101	0.994088669950739
KIR2DS1*001	KIR2DS1*00301	0.980295566502463
KIR2DS1*001	KIR2DS2*0010101	0.72807881773399
KIR2DS1*001	KIR2DS2*002	0.723152709359606
KIR2DS1*001	KIR2DS4*0010101	0.7064039408867
KIR2DS1*001	KIR2DS2*003	0.676847290640394
KIR2DS1*001	KIR2DS4*0030101	0.690239043824701
KIR2DS1*001	KIR2DS5*0020101	0.651231527093596
KIR2DS1*001	KIR2DS5*004	0.640394088669951
KIR2DS1*001	KIR2DS5*001	0.638423645320197
KIR2DS1*001	KIR2DS4*0040101	0.616533864541833
KIR2DS1*001	KIR2DS3*00101	0.577339901477833
KIR2DS1*001	KIR2DS3*0020101	0.574384236453202
KIR2DS1*001	KIR2DS3*0030101N	0.575369458128079
KIR2DS1*001	KIR3DS1*014	0.397368421052632
KIR2DS1*001	KIR3DS1*0130101	0.352631578947368
KIR2DS1*001	KIR3DS1*010	0.352786309784993
KIR2DS1*001	KIR3DL2*00301	0.342327829238824
KIR2DS1*001	KIR3DL2*0010101	0.342327829238824
KIR2DS1*001	KIR3DL2*0020101	0.327829238824003
KIR2DS1*001	KIR3DP1*002	0.386627906976744
KIR2DS1*001	KIR3DL1*0020101	0.321632653061225
KIR2DS1*001	KIR3DP1*001	0.377906976744186
KIR2DS1*001	KIR3DL1*0010101	0.248979591836735
KIR2DS1*001	KIR3DL3*0010101	0.260647359454855
KIR2DS1*001	KIR3DL3*0020101	0.260647359454855
KIR2DS1*001	KIR3DL3*0030101	0.260647359454855
KIR2DS1*001	KIR3DP1*0030101	0.344181459566075
KIR2DS1*001	KIR3DL1*0040101	0.231020408163265
KIR2DS1*0020101	KIR2DS1*00301	0.980295566502463
KIR2DS1*0020101	KIR2DS2*0010101	0.72807881773399
KIR2DS1*0020101	KIR2DS2*002	0.723152709359606
KIR2DS1*0020101	KIR2DS4*0010101	0.7064039408867
KIR2DS1*0020101	KIR2DS2*003	0.676847290640394
KIR2DS1*0020101	KIR2DS4*0030101	0.690239043824701
KIR2DS1*0020101	KIR2DS5*0020101	0.651231527093596
KIR2DS1*0020101	KIR2DS5*004	0.639408866995074
KIR2DS1*0020101	KIR2DS5*001	0.638423645320197
KIR2DS1*0020101	KIR2DS4*0040101	0.617529880478088
KIR2DS1*0020101	KIR2DS3*00101	0.577339901477833
KIR2DS1*0020101	KIR2DS3*0030101N	0.575369458128079
KIR2DS1*0020101	KIR2DS3*0020101	0.575369458128079
KIR2DS1*0020101	KIR3DS1*014	0.397368421052632
KIR2DS1*0020101	KIR3DS1*010	0.352786309784993
KIR2DS1*0020101	KIR3DS1*0130101	0.352631578947368
KIR2DS1*0020101	KIR3DL2*00301	0.342327829238824
KIR2DS1*0020101	KIR3DL2*0010101	0.342327829238824
KIR2DS1*0020101	KIR3DL2*0020101	0.327829238824003
KIR2DS1*0020101	KIR3DP1*002	0.386627906976744
KIR2DS1*0020101	KIR3DL1*0020101	0.321632653061225
KIR2DS1*0020101	KIR3DP1*001	0.377906976744186
KIR2DS1*0020101	KIR3DL1*0010101	0.248979591836735
KIR2DS1*0020101	KIR3DL3*0010101	0.260647359454855
KIR2DS1*0020101	KIR3DL3*0020101	0.260647359454855
KIR2DS1*0020101	KIR3DL3*0030101	0.260647359454855
KIR2DS1*0020101	KIR3DP1*0030101	0.344181459566075
KIR2DS1*0020101	KIR3DL1*0040101	0.231020408163265
KIR2DS1*00301	KIR2DS2*0010101	0.745812807881773
KIR2DS1*00301	KIR2DS2*002	0.740886699507389
KIR2DS1*00301	KIR2DS4*0010101	0.712315270935961
KIR2DS1*00301	KIR2DS2*003	0.694581280788177
KIR2DS1*00301	KIR2DS4*0030101	0.696215139442231
KIR2DS1*00301	KIR2DS5*0020101	0.654187192118227
KIR2DS1*00301	KIR2DS5*004	0.636453201970443
KIR2DS1*00301	KIR2DS5*001	0.635467980295567
KIR2DS1*00301	KIR2DS4*0040101	0.622509960159363
KIR2DS1*00301	KIR2DS3*00101	0.573399014778325
KIR2DS1*00301	KIR2DS3*0020101	0.571428571428571
KIR2DS1*00301	KIR2DS3*0030101N	0.572413793103448
KIR2DS1*00301	KIR3DS1*014	0.406140350877193
KIR2DS1*00301	KIR3DS1*010	0.398420359806933
KIR2DS1*00301	KIR3DS1*0130101	0.352631578947368
KIR2DS1*00301	KIR3DL2*00301	0.322190898107128
KIR2DS1*00301	KIR3DL2*0020101	0.322190898107128
KIR2DS1*00301	KIR3DL2*0010101	0.322190898107128
KIR2DS1*00301	KIR3DL1*0020101	0.329795918367347
KIR2DS1*00301	KIR3DP1*002	0.392441860465116
KIR2DS1*00301	KIR3DP1*001	0.383720930232558
KIR2DS1*00301	KIR3DL1*0010101	0.291428571428571
KIR2DS1*00301	KIR3DP1*0030101	0.363905325443787
KIR2DS1*00301	KIR3DL3*0030101	0.316865417376491
KIR2DS1*00301	KIR3DL3*0010101	0.316865417376491
KIR2DS1*00301	KIR3DL3*0020101	0.316865417376491
KIR2DS1*00301	KIR3DL1*0040101	0.273469387755102
KIR2DS2*0010101	KIR2DS2*002	0.989162561576355
KIR2DS2*0010101	KIR2DS2*003	0.92807881773399
KIR2DS2*0010101	KIR2DS4*0010101	0.779310344827586
KIR2DS2*0010101	KIR2DS4*0030101	0.745019920318725
KIR2DS2*0010101	KIR2DS4*0040101	0.703187250996016
KIR2DS2*0010101	KIR2DS3*0020101	0.650246305418719
KIR2DS2*0010101	KIR2DS3*0030101N	0.642364532019704
KIR2DS2*0010101	KIR2DS5*004	0.654187192118227
KIR2DS2*0010101	KIR2DS3*00101	0.625615763546798
KIR2DS2*0010101	KIR2DS5*0020101	0.622660098522168
KIR2DS2*0010101	KIR2DS5*001	0.586206896551724
KIR2DS2*0010101	KIR3DS1*014	0.457017543859649
KIR2DS2*0010101	KIR3DS1*0130101	0.457017543859649
KIR2DS2*0010101	KIR3DS1*010	0.457218078104432
KIR2DS2*0010101	KIR3DL1*0010101	0.350204081632653
KIR2DS2*0010101	KIR3DL1*0020101	0.391836734693878
KIR2DS2*0010101	KIR3DL1*0040101	0.340408163265306
KIR2DS2*0010101	KIR3DP1*002	0.453488372093023
KIR2DS2*0010101	KIR3DP1*001	0.444767441860465
KIR2DS2*0010101	KIR3DP1*0030101	0.435897435897436
KIR2DS2*0010101	KIR3DL2*00301	0.322996375352396
KIR2DS2*0010101	KIR3DL2*0010101	0.322996375352396
KIR2DS2*0010101	KIR3DL2*0020101	0.322996375352396
KIR2DS2*0010101	KIR3DL3*0020101	0.247018739352641
KIR2DS2*0010101	KIR3DL3*0010101	0.247018739352641
KIR2DS2*0010101	KIR3DL3*0030101	0.247018739352641
KIR2DS2*002	KIR2DS2*003	0.923152709359606
KIR2DS2*002	KIR2DS4*0010101	0.769458128078818
KIR2DS2*002	KIR2DS4*0030101	0.735059760956175
KIR2DS2*002	KIR2DS4*0040101	0.694223107569721
KIR2DS2*002	KIR2DS5*004	0.624630541871921
KIR2DS2*002	KIR2DS3*0020101	0.612807881773399
KIR2DS2*002	KIR2DS3*0030101N	0.603940886699507
KIR2DS2*002	KIR2DS5*0020101	0.592118226600985
KIR2DS2*002	KIR2DS3*00101	0.587192118226601
KIR2DS2*002	KIR2DS5*001	0.555665024630542
KIR2DS2*002	KIR3DS1*010	0.457218078104432
KIR2DS2*002	KIR3DS1*0130101	0.457017543859649
KIR2DS2*002	KIR3DS1*014	0.457017543859649
KIR2DS2*002	KIR3DL1*0010101	0.350204081632653
KIR2DS2*002	KIR3DL1*0020101	0.391836734693878
KIR2DS2*002	KIR3DL1*0040101	0.340408163265306
KIR2DS2*002	KIR3DP1*001	0.442829457364341
KIR2DS2*002	KIR3DP1*002	0.442829457364341
KIR2DS2*002	KIR3DP1*0030101	0.435897435897436
KIR2DS2*002	KIR3DL2*0020101	0.277889649617398
KIR2DS2*002	KIR3DL2*00301	0.277889649617398
KIR2DS2*002	KIR3DL2*0010101	0.277889649617398
KIR2DS2*002	KIR3DL3*0020101	0.247018739352641
KIR2DS2*002	KIR3DL3*0030101	0.247018739352641
KIR2DS2*002	KIR3DL3*0010101	0.247018739352641
KIR2DS2*003	KIR2DS4*0010101	0.714285714285714
KIR2DS2*003	KIR2DS4*0030101	0.679282868525896
KIR2DS2*003	KIR2DS4*0040101	0.637450199203187
KIR2DS2*003	KIR2DS3*0020101	0.603940886699507
KIR2DS2*003	KIR2DS5*004	0.620689655172414
KIR2DS2*003	KIR2DS3*0030101N	0.595073891625616
KIR2DS2*003	KIR2DS3*00101	0.592118226600985
KIR2DS2*003	KIR2DS5*0020101	0.589162561576355
KIR2DS2*003	KIR2DS5*001	0.551724137931034
KIR2DS2*003	KIR3DS1*014	0.416666666666667
KIR2DS2*003	KIR3DS1*0130101	0.416666666666667
KIR2DS2*003	KIR3DS1*010	0.416849495392716
KIR2DS2*003	KIR3DL1*0010101	0.366530612244898
KIR2DS2*003	KIR3DL1*0040101	0.364081632653061
KIR2DS2*003	KIR3DL1*0020101	0.408163265306122
KIR2DS2*003	KIR3DP1*002	0.453488372093023
KIR2DS2*003	KIR3DP1*001	0.444767441860465
KIR2DS2*003	KIR3DP1*0030101	0.435897435897436
KIR2DS2*003	KIR3DL3*0030101	0.310902896081772
KIR2DS2*003	KIR3DL3*0010101	0.292163543441227
KIR2DS2*003	KIR3DL3*0020101	0.292163543441227
KIR2DS2*003	KIR3DL2*00301	0.285138944824809
KIR2DS2*003	KIR3DL2*0020101	0.285138944824809
KIR2DS2*003	KIR3DL2*0010101	0.285138944824809
KIR2DS3*00101	KIR2DS3*0020101	0.979310344827586
KIR2DS3*00101	KIR2DS3*0030101N	0.975369458128079
KIR2DS3*00101	KIR2DS5*004	0.810837438423645
KIR2DS3*00101	KIR2DS5*0020101	0.779310344827586
KIR2DS3*00101	KIR2DS5*001	0.750738916256158
KIR2DS3*00101	KIR2DS4*0010101	0.484729064039409
KIR2DS3*00101	KIR2DS4*0030101	0.467131474103586
KIR2DS3*00101	KIR2DS4*0040101	0.460159362549801
KIR2DS3*00101	KIR3DS1*0130101	0.256140350877193
KIR2DS3*00101	KIR3DS1*014	0.256140350877193
KIR2DS3*00101	KIR3DS1*010	0.256252742430891
KIR2DS3*00101	KIR3DP1*001	0.281976744186047
KIR2DS3*00101	KIR3DP1*002	0.281976744186047
KIR2DS3*00101	KIR3DP1*0030101	0.28698224852071
KIR2DS3*00101	KIR3DL2*00301	0.211840515505437
KIR2DS3*00101	KIR3DL2*0010101	0.211840515505437
KIR2DS3*00101	KIR3DL2*0020101	0.211840515505437
KIR2DS3*00101	KIR3DL1*0020101	0.171428571428571
KIR2DS3*00101	KIR3DL1*0010101	0.164897959183673
KIR2DS3*00101	KIR3DL1*0040101	0.14530612244898
KIR2DS3*00101	KIR3DL3*0020101	0.10732538330494
KIR2DS3*00101	KIR3DL3*0030101	0.10732538330494
KIR2DS3*00101	KIR3DL3*0010101	0.10732538330494
KIR2DS3*0020101	KIR2DS3*0030101N	0.990147783251232
KIR2DS3*0020101	KIR2DS5*004	0.825615763546798
KIR2DS3*0020101	KIR2DS5*0020101	0.794088669950739
KIR2DS3*0020101	KIR2DS5*001	0.76551724137931
KIR2DS3*0020101	KIR2DS4*0010101	0.484729064039409
KIR2DS3*0020101	KIR2DS4*0030101	0.467131474103586
KIR2DS3*0020101	KIR2DS4*0040101	0.460159362549801
KIR2DS3*0020101	KIR3DS1*010	0.279947345326898
KIR2DS3*0020101	KIR3DS1*014	0.279824561403509
KIR2DS3*0020101	KIR3DS1*0130101	0.279824561403509
KIR2DS3*0020101	KIR3DP1*0030101	0.28698224852071
KIR2DS3*0020101	KIR3DP1*002	0.281976744186047
KIR2DS3*0020101	KIR3DP1*001	0.281976744186047
KIR2DS3*0020101	KIR3DL2*00301	0.211840515505437
KIR2DS3*0020101	KIR3DL2*0020101	0.211840515505437
KIR2DS3*0020101	KIR3DL2*0010101	0.211840515505437
KIR2DS3*0020101	KIR3DL1*0020101	0.171428571428571
KIR2DS3*0020101	KIR3DL1*0010101	0.164897959183673
KIR2DS3*0020101	KIR3DL1*0040101	0.14530612244898
KIR2DS3*0020101	KIR3DL3*0020101	0.10732538330494
KIR2DS3*0020101	KIR3DL3*0010101	0.10732538330494
KIR2DS3*0020101	KIR3DL3*0030101	0.10732538330494
KIR2DS3*0030101N	KIR2DS5*004	0.817733990147783
KIR2DS3*0030101N	KIR2DS5*0020101	0.786206896551724
KIR2DS3*0030101N	KIR2DS5*001	0.757635467980296
KIR2DS3*0030101N	KIR2DS4*0010101	0.483743842364532
KIR2DS3*0030101N	KIR2DS4*0030101	0.468127490039841
KIR2DS3*0030101N	KIR2DS4*0040101	0.460159362549801
KIR2DS3*0030101N	KIR3DS1*0130101	0.279824561403509
KIR2DS3*0030101N	KIR3DS1*014	0.279824561403509
KIR2DS3*0030101N	KIR3DS1*010	0.279947345326898
KIR2DS3*0030101N	KIR3DP1*0030101	0.279092702169625
KIR2DS3*0030101N	KIR3DP1*001	0.27422480620155
KIR2DS3*0030101N	KIR3DP1*002	0.27422480620155
KIR2DS3*0030101N	KIR3DL2*0020101	0.211840515505437
KIR2DS3*0030101N	KIR3DL2*0010101	0.211840515505437
KIR2DS3*0030101N	KIR3DL2*00301	0.211840515505437
KIR2DS3*0030101N	KIR3DL1*0010101	0.164897959183673
KIR2DS3*0030101N	KIR3DL1*0020101	0.164897959183673
KIR2DS3*0030101N	KIR3DL1*0040101	0.14530612244898
KIR2DS3*0030101N	KIR3DL3*0010101	0.10732538330494
KIR2DS3*0030101N	KIR3DL3*0030101	0.10732538330494
KIR2DS3*0030101N	KIR3DL3*0020101	0.10732538330494
KIR2DS4*0010101	KIR2DS4*0030101	0.981075697211155
KIR2DS4*0010101	KIR2DS4*0040101	0.943227091633466
KIR2DS4*0010101	KIR2DS5*004	0.523152709359606
KIR2DS4*0010101	KIR2DS5*0020101	0.518226600985222
KIR2DS4*0010101	KIR2DS5*001	0.467980295566502
KIR2DS4*0010101	KIR3DS1*0130101	0.364912280701754
KIR2DS4*0010101	KIR3DS1*014	0.364912280701754
KIR2DS4*0010101	KIR3DS1*010	0.365072400175516
KIR2DS4*0010101	KIR3DL2*0020101	0.338300443012485
KIR2DS4*0010101	KIR3DL2*0010101	0.338300443012485
KIR2DS4*0010101	KIR3DL2*00301	0.338300443012485
KIR2DS4*0010101	KIR3DP1*002	0.364341085271318
KIR2DS4*0010101	KIR3DP1*001	0.356589147286822
KIR2DS4*0010101	KIR3DL1*0020101	0.266938775510204
KIR2DS4*0010101	KIR3DL1*0010101	0.260408163265306
KIR2DS4*0010101	KIR3DL1*0040101	0.257142857142857
KIR2DS4*0010101	KIR3DP1*0030101	0.329388560157791
KIR2DS4*0010101	KIR3DL3*0020101	0.197614991482112
KIR2DS4*0010101	KIR3DL3*0030101	0.197614991482112
KIR2DS4*0010101	KIR3DL3*0010101	0.197614991482112
KIR2DS4*0030101	KIR2DS4*0040101	0.972809667673716
KIR2DS4*0030101	KIR2DS5*004	0.48605577689243
KIR2DS4*0030101	KIR2DS5*0020101	0.481075697211155
KIR2DS4*0030101	KIR2DS5*001	0.431274900398406
KIR2DS4*0030101	KIR3DS1*0130101	0.343666961913198
KIR2DS4*0030101	KIR3DS1*014	0.343666961913198
KIR2DS4*0030101	KIR3DS1*010	0.343819229065131
KIR2DS4*0030101	KIR3DL2*0020101	0.341324664770419
KIR2DS4*0030101	KIR3DL2*0010101	0.341324664770419
KIR2DS4*0030101	KIR3DL2*00301	0.341324664770419
KIR2DS4*0030101	KIR3DP1*002	0.335945151811949
KIR2DS4*0030101	KIR3DP1*001	0.328109696376102
KIR2DS4*0030101	KIR3DL1*0010101	0.239703459637562
KIR2DS4*0030101	KIR3DL1*0040101	0.236408566721582
KIR2DS4*0030101	KIR3DL1*0020101	0.225700164744646
KIR2DS4*0030101	KIR3DP1*0030101	0.300099700897308
KIR2DS4*0030101	KIR3DL3*0010101	0.194325021496131
KIR2DS4*0030101	KIR3DL3*0030101	0.194325021496131
KIR2DS4*0030101	KIR3DL3*0020101	0.194325021496131
KIR2DS4*0040101	KIR2DS5*004	0.467131474103586
KIR2DS4*0040101	KIR2DS5*0020101	0.461155378486056
KIR2DS4*0040101	KIR2DS5*001	0.411354581673307
KIR2DS4*0040101	KIR3DL2*0020101	0.342950020316944
KIR2DS4*0040101	KIR3DL2*00301	0.342950020316944
KIR2DS4*0040101	KIR3DL2*0010101	0.342950020316944
KIR2DS4*0040101	KIR3DS1*014	0.317094774136404
KIR2DS4*0040101	KIR3DS1*0130101	0.317094774136404
KIR2DS4*0040101	KIR3DS1*010	0.31723526805494
KIR2DS4*0040101	KIR3DP1*002	0.302644466209598
KIR2DS4*0040101	KIR3DP1*001	0.294809010773751
KIR2DS4*0040101	KIR3DL1*0010101	0.193574958813839
KIR2DS4*0040101	KIR3DP1*0030101	0.266201395812562
KIR2DS4*0040101	KIR3DL1*0040101	0.190280065897858
KIR2DS4*0040101	KIR3DL1*0020101	0.179571663920923
KIR2DS4*0040101	KIR3DL3*0020101	0.155631986242476
KIR2DS4*0040101	KIR3DL3*0030101	0.155631986242476
KIR2DS4*0040101	KIR3DL3*0010101	0.155631986242476
KIR2DS5*001	KIR2DS5*0020101	0.96551724137931
KIR2DS5*001	KIR2DS5*004	0.913300492610837
KIR2DS5*001	KIR3DS1*010	0.339622641509434
KIR2DS5*001	KIR3DS1*014	0.339473684210526
KIR2DS5*001	KIR3DS1*0130101	0.339473684210526
KIR2DS5*001	KIR3DP1*001	0.302325581395349
KIR2DS5*001	KIR3DP1*002	0.302325581395349
KIR2DS5*001	KIR3DP1*0030101	0.307692307692308
KIR2DS5*001	KIR3DL1*0010101	0.204897959183673
KIR2DS5*001	KIR3DL1*0020101	0.20734693877551
KIR2DS5*001	KIR3DL1*0040101	0.18530612244898
KIR2DS5*001	KIR3DL2*0020101	0.186870720902135
KIR2DS5*001	KIR3DL2*00301	0.186870720902135
KIR2DS5*001	KIR3DL2*0010101	0.186870720902135
KIR2DS5*001	KIR3DL3*0010101	0.0988074957410562
KIR2DS5*001	KIR3DL3*0030101	0.0988074957410562
KIR2DS5*001	KIR3DL3*0020101	0.0988074957410562
KIR2DS5*0020101	KIR2DS5*004	0.975369458128079
KIR2DS5*0020101	KIR3DS1*014	0.369298245614035
KIR2DS5*0020101	KIR3DS1*0130101	0.369298245614035
KIR2DS5*0020101	KIR3DS1*010	0.369460289600702
KIR2DS5*0020101	KIR3DP1*002	0.381782945736434
KIR2DS5*0020101	KIR3DL1*0010101	0.248163265306122
KIR2DS5*0020101	KIR3DP1*0030101	0.322485207100592
KIR2DS5*0020101	KIR3DP1*001	0.316860465116279
KIR2DS5*0020101	KIR3DL1*0020101	0.250612244897959
KIR2DS5*0020101	KIR3DL1*0040101	0.237551020408163
KIR2DS5*0020101	KIR3DL2*00301	0.2327829238824
KIR2DS5*0020101	KIR3DL2*0010101	0.2327829238824
KIR2DS5*0020101	KIR3DL2*0020101	0.2327829238824
KIR2DS5*0020101	KIR3DL3*0030101	0.153321976149915
KIR2DS5*0020101	KIR3DL3*0020101	0.153321976149915
KIR2DS5*0020101	KIR3DL3*0010101	0.153321976149915
KIR2DS5*004	KIR3DS1*014	0.363157894736842
KIR2DS5*004	KIR3DS1*0130101	0.363157894736842
KIR2DS5*004	KIR3DS1*010	0.363317244405441
KIR2DS5*004	KIR3DL1*0010101	0.242448979591837
KIR2DS5*004	KIR3DL1*0040101	0.237551020408163
KIR2DS5*004	KIR3DP1*002	0.304263565891473
KIR2DS5*004	KIR3DP1*001	0.304263565891473
KIR2DS5*004	KIR3DP1*0030101	0.309664694280079
KIR2DS5*004	KIR3DL1*0020101	0.244897959183673
KIR2DS5*004	KIR3DL2*0020101	0.230366492146597
KIR2DS5*004	KIR3DL2*00301	0.230366492146597
KIR2DS5*004	KIR3DL2*0010101	0.230366492146597
KIR2DS5*004	KIR3DL3*0020101	0.15076660988075
KIR2DS5*004	KIR3DL3*0030101	0.15076660988075
KIR2DS5*004	KIR3DL3*0010101	0.15076660988075
KIR3DL1*0010101	KIR3DL1*0040101	0.958885017421603
KIR3DL1*0010101	KIR3DL1*0020101	0.921254355400697
KIR3DL1*0010101	KIR3DS1*010	0.795109299740645
KIR3DL1*0010101	KIR3DS1*0130101	0.792592592592593
KIR3DL1*0010101	KIR3DS1*014	0.79037037037037
KIR3DL1*0010101	KIR3DL2*00301	0.40785394419566
KIR3DL1*0010101	KIR3DL2*0020101	0.385807785049948
KIR3DL1*0010101	KIR3DL2*0010101	0.384429900103341
KIR3DL1*0010101	KIR3DL3*0020101	0.250722543352601
KIR3DL1*0010101	KIR3DL3*0030101	0.250722543352601
KIR3DL1*0010101	KIR3DL3*0010101	0.250722543352601
KIR3DL1*0010101	KIR3DP1*002	0.230273752012882
KIR3DL1*0010101	KIR3DP1*0030101	0.237745098039216
KIR3DL1*0010101	KIR3DP1*001	0.230273752012882
KIR3DL1*0020101	KIR3DL1*0040101	0.883623693379791
KIR3DL1*0020101	KIR3DS1*014	0.784444444444444
KIR3DL1*0020101	KIR3DS1*0130101	0.751851851851852
KIR3DL1*0020101	KIR3DS1*010	0.749907373101149
KIR3DL1*0020101	KIR3DL2*00301	0.380985187736824
KIR3DL1*0020101	KIR3DL2*0020101	0.358939028591113
KIR3DL1*0020101	KIR3DL2*0010101	0.357561143644506
KIR3DL1*0020101	KIR3DL3*0030101	0.263728323699422
KIR3DL1*0020101	KIR3DL3*0010101	0.263728323699422
KIR3DL1*0020101	KIR3DL3*0020101	0.263728323699422
KIR3DL1*0020101	KIR3DP1*002	0.274557165861514
KIR3DL1*0020101	KIR3DP1*001	0.274557165861514
KIR3DL1*0020101	KIR3DP1*0030101	0.268790849673203
KIR3DL1*0040101	KIR3DS1*010	0.7402741756206
KIR3DL1*0040101	KIR3DS1*0130101	0.737777777777778
KIR3DL1*0040101	KIR3DS1*014	0.735555555555556
KIR3DL1*0040101	KIR3DL2*00301	0.414054426455391
KIR3DL1*0040101	KIR3DL2*0020101	0.404409231829142
KIR3DL1*0040101	KIR3DL2*0010101	0.403031346882535
KIR3DL1*0040101	KIR3DL3*0010101	0.231936416184971
KIR3DL1*0040101	KIR3DL3*0030101	0.231936416184971
KIR3DL1*0040101	KIR3DL3*0020101	0.231936416184971
KIR3DL1*0040101	KIR3DP1*0030101	0.227124183006536
KIR3DL1*0040101	KIR3DP1*001	0.219806763285024
KIR3DL1*0040101	KIR3DP1*002	0.219806763285024
KIR3DL2*0010101	KIR3DL2*00301	0.989100817438692
KIR3DL2*0010101	KIR3DL2*0020101	0.98841961852861
KIR3DL2*0010101	KIR3DS1*014	0.34540797658251
KIR3DL2*0010101	KIR3DS1*010	0.331625183016105
KIR3DL2*0010101	KIR3DS1*0130101	0.328576655689718
KIR3DL2*0010101	KIR3DP1*002	0.305125148986889
KIR3DL2*0010101	KIR3DP1*001	0.279698053237982
KIR3DL2*0010101	KIR3DP1*0030101	0.283756549778315
KIR3DL2*0010101	KIR3DL3*0020101	0.209925026776151
KIR3DL2*0010101	KIR3DL3*0030101	0.209925026776151
KIR3DL2*0010101	KIR3DL3*0010101	0.209925026776151
KIR3DL2*0020101	KIR3DL2*00301	0.983651226158038
KIR3DL2*0020101	KIR3DS1*014	0.34540797658251
KIR3DL2*0020101	KIR3DS1*010	0.331625183016105
KIR3DL2*0020101	KIR3DS1*0130101	0.328576655689718
KIR3DL2*0020101	KIR3DP1*002	0.305125148986889
KIR3DL2*0020101	KIR3DP1*001	0.279698053237982
KIR3DL2*0020101	KIR3DP1*0030101	0.283756549778315
KIR3DL2*0020101	KIR3DL3*0010101	0.209925026776151
KIR3DL2*0020101	KIR3DL3*0030101	0.209925026776151
KIR3DL2*0020101	KIR3DL3*0020101	0.209925026776151
KIR3DL2*00301	KIR3DS1*014	0.34540797658251
KIR3DL2*00301	KIR3DS1*010	0.331625183016105
KIR3DL2*00301	KIR3DS1*0130101	0.328576655689718
KIR3DL2*00301	KIR3DP1*002	0.281287246722288
KIR3DL2*00301	KIR3DP1*001	0.255860150973381
KIR3DL2*00301	KIR3DP1*0030101	0.259572752922209
KIR3DL2*00301	KIR3DL3*0010101	0.187790074973224
KIR3DL2*00301	KIR3DL3*0030101	0.187790074973224
KIR3DL2*00301	KIR3DL3*0020101	0.187790074973224
KIR3DL3*0010101	KIR3DL3*0020101	0.991747936984246
KIR3DL3*0010101	KIR3DL3*0030101	0.987246811702926
KIR3DL3*0010101	KIR3DP1*002	0.350965575146935
KIR3DL3*0010101	KIR3DP1*001	0.350965575146935
KIR3DL3*0010101	KIR3DP1*0030101	0.346973572037511
KIR3DL3*0010101	KIR3DS1*014	0.207852193995381
KIR3DL3*0010101	KIR3DS1*010	0.201001155179053
KIR3DL3*0010101	KIR3DS1*0130101	0.198614318706697
KIR3DL3*0020101	KIR3DL3*0030101	0.981245311327832
KIR3DL3*0020101	KIR3DP1*002	0.350965575146935
KIR3DL3*0020101	KIR3DP1*001	0.350965575146935
KIR3DL3*0020101	KIR3DP1*0030101	0.346973572037511
KIR3DL3*0020101	KIR3DS1*014	0.207852193995381
KIR3DL3*0020101	KIR3DS1*010	0.201001155179053
KIR3DL3*0020101	KIR3DS1*0130101	0.198614318706697
KIR3DL3*0030101	KIR3DP1*002	0.350965575146935
KIR3DL3*0030101	KIR3DP1*001	0.350965575146935
KIR3DL3*0030101	KIR3DP1*0030101	0.346973572037511
KIR3DL3*0030101	KIR3DS1*014	0.207852193995381
KIR3DL3*0030101	KIR3DS1*010	0.201001155179053
KIR3DL3*0030101	KIR3DS1*0130101	0.198614318706697
KIR3DS1*010	KIR3DS1*0130101	0.98932384341637
KIR3DS1*010	KIR3DS1*014	0.968762356662712
KIR3DS1*0130101	KIR3DS1*014	0.971541501976285
KIR2DP1*0010201	KIR2DP1*0030101	0.939077458659704
KIR2DP1*0010201	KIR2DP1*0020101	0.902523933855527
KIR2DP1*0010201	KIR2DS2*003	0.719038817005545
KIR2DP1*0010201	KIR2DS2*0010101	0.701478743068392
KIR2DP1*0010201	KIR2DS2*002	0.696857670979667
KIR2DP1*0010201	KIR2DS1*001	0.599815157116451
KIR2DP1*0010201	KIR2DS1*0020101	0.599815157116451
KIR2DP1*0010201	KIR2DS1*00301	0.588724584103512
KIR2DP1*0010201	KIR2DS4*0010101	0.531423290203327
KIR2DP1*0010201	KIR2DS3*00101	0.500924214417745
KIR2DP1*0010201	KIR2DS3*0020101	0.500924214417745
KIR2DP1*0010201	KIR2DS3*0030101N	0.493530499075786
KIR2DP1*0010201	KIR3DL1*0040101	0.409442724458204
KIR2DP1*0010201	KIR3DL1*0020101	0.458204334365325
KIR2DP1*0010201	KIR2DS5*004	0.519408502772643
KIR2DP1*0010201	KIR2DS5*0020101	0.508317929759704
KIR2DP1*0010201	KIR3DL1*0010101	0.397058823529412
KIR2DP1*0010201	KIR2DS4*0030101	0.492997198879552
KIR2DP1*0010201	KIR2DS5*001	0.490757855822551
KIR2DP1*0010201	KIR2DS4*0040101	0.439775910364146
KIR2DP1*0010201	KIR3DL2*00301	0.380588460068781
KIR2DP1*0010201	KIR3DL2*0010101	0.380588460068781
KIR2DP1*0010201	KIR3DL3*0020101	0.352135374697824
KIR2DP1*0010201	KIR3DL3*0010101	0.35132957292506
KIR2DP1*0010201	KIR3DL2*0020101	0.366832250668705
KIR2DP1*0010201	KIR3DL3*0030101	0.341659951651894
KIR2DP1*0010201	KIR3DP1*002	0.435850773430391
KIR2DP1*0010201	KIR3DP1*001	0.427661510464058
KIR2DP1*0010201	KIR3DS1*010	0.324906755076668
KIR2DP1*0010201	KIR3DS1*014	0.324772162386081
KIR2DP1*0010201	KIR3DS1*0130101	0.324772162386081
KIR2DP1*0010201	KIR3DP1*0030101	0.396854764107308
KIR2DP1*0020101	KIR2DP1*0030101	0.963446475195822
KIR2DP1*0020101	KIR2DS2*003	0.691312384473198
KIR2DP1*0020101	KIR2DS2*0010101	0.686691312384473
KIR2DP1*0020101	KIR2DS2*002	0.682070240295749
KIR2DP1*0020101	KIR2DS4*0010101	0.594269870609981
KIR2DP1*0020101	KIR2DS1*0020101	0.549907578558225
KIR2DP1*0020101	KIR2DS1*001	0.549907578558225
KIR2DP1*0020101	KIR2DS1*00301	0.541589648798521
KIR2DP1*0020101	KIR2DS4*0030101	0.560224089635854
KIR2DP1*0020101	KIR3DL1*0040101	0.426470588235294
KIR2DP1*0020101	KIR3DL1*0010101	0.426470588235294
KIR2DP1*0020101	KIR3DL1*0020101	0.411764705882353
KIR2DP1*0020101	KIR2DS4*0040101	0.507002801120448
KIR2DP1*0020101	KIR2DS3*0020101	0.442698706099815
KIR2DP1*0020101	KIR2DS3*00101	0.442698706099815
KIR2DP1*0020101	KIR2DS3*0030101N	0.435304990757856
KIR2DP1*0020101	KIR2DS5*004	0.44916820702403
KIR2DP1*0020101	KIR2DS5*0020101	0.438077634011091
KIR2DP1*0020101	KIR2DS5*001	0.420517560073937
KIR2DP1*0020101	KIR3DL3*0020101	0.347300564061241
KIR2DP1*0020101	KIR3DL3*0010101	0.346494762288477
KIR2DP1*0020101	KIR3DL3*0030101	0.33682514101531
KIR2DP1*0020101	KIR3DS1*0130101	0.328914664457332
KIR2DP1*0020101	KIR3DS1*010	0.329050973891421
KIR2DP1*0020101	KIR3DS1*014	0.328914664457332
KIR2DP1*0020101	KIR3DL2*0010101	0.334734428735193
KIR2DP1*0020101	KIR3DL2*00301	0.334734428735193
KIR2DP1*0020101	KIR3DP1*002	0.383985441310282
KIR2DP1*0020101	KIR3DP1*001	0.375796178343949
KIR2DP1*0020101	KIR3DL2*0020101	0.303400840657241
KIR2DP1*0020101	KIR3DP1*0030101	0.317298797409806
KIR2DP1*0030101	KIR2DS2*003	0.71996303142329
KIR2DP1*0030101	KIR2DS2*0010101	0.715341959334566
KIR2DP1*0030101	KIR2DS2*002	0.710720887245841
KIR2DP1*0030101	KIR2DS4*0010101	0.620147874306839
KIR2DP1*0030101	KIR2DS1*0020101	0.566543438077634
KIR2DP1*0030101	KIR2DS1*001	0.566543438077634
KIR2DP1*0030101	KIR2DS4*0030101	0.586367880485528
KIR2DP1*0030101	KIR2DS1*00301	0.55452865064695
KIR2DP1*0030101	KIR3DL1*0040101	0.445046439628483
KIR2DP1*0030101	KIR3DL1*0010101	0.445046439628483
KIR2DP1*0030101	KIR3DL1*0020101	0.430340557275542
KIR2DP1*0030101	KIR2DS4*0040101	0.533146591970121
KIR2DP1*0030101	KIR2DS3*00101	0.464879852125693
KIR2DP1*0030101	KIR2DS3*0020101	0.464879852125693
KIR2DP1*0030101	KIR2DS3*0030101N	0.457486136783734
KIR2DP1*0030101	KIR2DS5*004	0.471349353049908
KIR2DP1*0030101	KIR2DS5*0020101	0.460258780036969
KIR2DP1*0030101	KIR2DS5*001	0.442698706099815
KIR2DP1*0030101	KIR3DL3*0020101	0.352135374697824
KIR2DP1*0030101	KIR3DL3*0010101	0.35132957292506
KIR2DP1*0030101	KIR3DS1*014	0.348798674399337
KIR2DP1*0030101	KIR3DS1*0130101	0.348798674399337
KIR2DP1*0030101	KIR3DS1*010	0.348943224202238
KIR2DP1*0030101	KIR3DL3*0030101	0.341659951651894
KIR2DP1*0030101	KIR3DL2*00301	0.34696217042415
KIR2DP1*0030101	KIR3DL2*0010101	0.34696217042415
KIR2DP1*0030101	KIR3DL2*0020101	0.340084065724112
KIR2DP1*0030101	KIR3DP1*002	0.403093721565059
KIR2DP1*0030101	KIR3DP1*001	0.394904458598726
KIR2DP1*0030101	KIR3DP1*0030101	0.372802960222017
KIR3DP1*001	KIR3DP1*002	0.978074356530029
KIR3DP1*001	KIR3DP1*0030101	0.961202715809893
KIR3DP1*001	KIR3DS1*014	0.2523768366465
KIR3DP1*001	KIR3DS1*010	0.244703847816688
KIR3DP1*001	KIR3DS1*0130101	0.242005185825411
KIR3DP1*002	KIR3DP1*0030101	0.952473326867119
KIR3DP1*002	KIR3DS1*014	0.2523768366465
KIR3DP1*002	KIR3DS1*010	0.244703847816688
KIR3DP1*002	KIR3DS1*0130101	0.242005185825411
KIR3DP1*0030101	KIR3DS1*010	0.25296442687747
KIR3DP1*0030101	KIR3DS1*0130101	0.250219490781387
KIR3DP1*0030101	KIR3DS1*014	0.245829675153644
